first_name,last_name,email,gender,job_title
Levey,Moehler,lmoehler0@mysql.com,Male,Assistant Media Planner
Lenora,Curme,lcurme1@princeton.edu,Female,Media Manager III
Maddy,Boich,mboich2@photobucket.com,Female,Teacher
Ronda,Airey,rairey3@dion.ne.jp,Female,Recruiting Manager
Ruy,Luckham,rluckham4@desdev.cn,Male,Registered Nurse
Caterina,Sappy,csappy5@fda.gov,Female,Accounting Assistant IV
Aloisia,McGrorty,amcgrorty6@dmoz.org,Female,Assistant Professor
Kaylil,Craker,kcraker7@wikipedia.org,Female,Chemical Engineer
Godart,Elvin,gelvin8@usatoday.com,Male,Actuary
Emeline,Woolston,ewoolston9@friendfeed.com,Female,Geological Engineer
Peterus,Bartrap,pbartrapa@ycombinator.com,Male,Analyst Programmer
Kathye,Britland,kbritlandb@cdc.gov,Female,Administrative Assistant II
Dilan,Bignal,dbignalc@cloudflare.com,Male,Social Worker
Rory,Mattussevich,rmattussevichd@google.cn,Female,Quality Engineer
Kerrie,Madoc-Jones,kmadocjonese@mac.com,Female,Media Manager III
Luz,Brandino,lbrandinof@nhs.uk,Female,Programmer Analyst IV
Grove,Kinkade,gkinkadeg@dagondesign.com,Male,Financial Advisor
Staford,Pimer,spimerh@tinypic.com,Male,Marketing Manager
Sullivan,Gammon,sgammoni@mysql.com,Male,VP Product Management
Perkin,Grierson,pgriersonj@indiatimes.com,Male,Product Engineer
Darline,Swadden,dswaddenk@google.ru,Female,Product Engineer
Carlie,Allebone,callebonel@mozilla.com,Female,Director of Sales
Derward,Appleyard,dappleyardm@gravatar.com,Male,Nuclear Power Engineer
Dag,Arpin,darpinn@geocities.com,Male,Desktop Support Technician
Aldo,Clayborn,aclayborno@indiatimes.com,Male,Research Nurse
Birk,Cronk,bcronkp@google.cn,Bigender,Graphic Designer
Rosalinde,McIlhatton,rmcilhattonq@ebay.com,Female,Analog Circuit Design manager
Wood,Geertz,wgeertzr@forbes.com,Male,Registered Nurse
Troy,Coudray,tcoudrays@ucoz.ru,Male,Information Systems Manager
Manfred,Levy,mlevyt@theguardian.com,Male,Editor
Gladys,Boulter,gboulteru@ca.gov,Female,Internal Auditor
Ameline,Ivashechkin,aivashechkinv@patch.com,Female,Office Assistant IV
Conchita,Andreucci,candreucciw@google.com.hk,Female,Information Systems Manager
Stace,Pickover,spickoverx@cbslocal.com,Female,Senior Cost Accountant
Alf,Stillgoe,astillgoey@live.com,Male,Human Resources Manager
Ammamaria,Chable,achablez@huffingtonpost.com,Female,Analog Circuit Design manager
Farlay,Nickless,fnickless10@businesswire.com,Male,Payment Adjustment Coordinator
Tyne,Kos,tkos11@github.io,Female,Environmental Specialist
Armand,Jenyns,ajenyns12@angelfire.com,Male,Environmental Specialist
Madeline,Fawdry,mfawdry13@mysql.com,Female,Mechanical Systems Engineer
Wren,Gerardet,wgerardet14@rediff.com,Female,Senior Developer
Blair,Dadd,bdadd15@cbc.ca,Genderfluid,Sales Representative
Conchita,MacIver,cmaciver16@cbslocal.com,Female,Senior Financial Analyst
Julia,Brunn,jbrunn17@jalbum.net,Female,Technical Writer
Auria,Twigge,atwigge18@360.cn,Female,Editor
Lowe,Cardwell,lcardwell19@tripadvisor.com,Male,Teacher
Forest,Marquand,fmarquand1a@issuu.com,Male,Staff Scientist
Catlaina,Kubasek,ckubasek1b@fc2.com,Female,Computer Systems Analyst I
Gerard,Seed,gseed1c@webnode.com,Male,VP Marketing
Purcell,Caygill,pcaygill1d@pinterest.com,Male,Senior Developer
Letizia,Hebson,lhebson1e@elpais.com,Female,Human Resources Assistant IV
Beryle,Muir,bmuir1f@dot.gov,Female,Speech Pathologist
Heather,Monery,hmonery1g@digg.com,Female,Design Engineer
Nicolais,Stenhouse,nstenhouse1h@narod.ru,Male,Civil Engineer
Mitzi,Latus,mlatus1i@netscape.com,Female,Senior Editor
Jennifer,Foulkes,jfoulkes1j@51.la,Female,Editor
Christyna,Sidworth,csidworth1k@mysql.com,Female,Clinical Specialist
Dido,Gaskell,dgaskell1l@posterous.com,Female,Civil Engineer
Ignace,Weale,iweale1m@abc.net.au,Male,Geologist IV
Ham,Chastaing,hchastaing1n@blog.com,Male,Analyst Programmer
Faina,Ody,fody1o@qq.com,Female,Quality Control Specialist
Raffarty,Rousell,rrousell1p@blogspot.com,Male,Environmental Specialist
Minerva,Ridesdale,mridesdale1q@jimdo.com,Female,Food Chemist
Jeanette,Lainton,jlainton1r@google.ru,Female,Office Assistant II
Vergil,Janatka,vjanatka1s@loc.gov,Male,Human Resources Manager
Selene,Vannah,svannah1t@wordpress.com,Female,Actuary
Geri,Pinke,gpinke1u@illinois.edu,Male,Database Administrator II
Stephani,Curtiss,scurtiss1v@aboutads.info,Female,Senior Editor
Orlando,Argrave,oargrave1w@washingtonpost.com,Male,Speech Pathologist
Dietrich,Belsey,dbelsey1x@mapquest.com,Male,Mechanical Systems Engineer
Rex,Machen,rmachen1y@businessweek.com,Male,Legal Assistant
Tait,Laminman,tlaminman1z@sbwire.com,Male,Safety Technician IV
Martie,Aggett,maggett20@alexa.com,Male,Automation Specialist III
Stanley,Parmenter,sparmenter21@reddit.com,Male,Cost Accountant
Shaughn,Scahill,sscahill22@samsung.com,Male,Senior Editor
Analiese,Rudwell,arudwell23@netscape.com,Female,Recruiter
Bab,Goforth,bgoforth24@pbs.org,Female,VP Marketing
Kerby,Kristoffersen,kkristoffersen25@cisco.com,Male,Pharmacist
Cristal,Saville,csaville26@miitbeian.gov.cn,Female,Software Consultant
Emelina,Dyne,edyne27@arizona.edu,Female,Analyst Programmer
Claudia,Taffs,ctaffs28@soup.io,Female,Nurse
Augie,Goss,agoss29@hhs.gov,Male,Office Assistant IV
Beniamino,Basnett,bbasnett2a@statcounter.com,Bigender,Software Engineer I
Rowe,Hovard,rhovard2b@cam.ac.uk,Female,Legal Assistant
Matteo,Barczewski,mbarczewski2c@aboutads.info,Male,Director of Sales
Pierre,Pude,ppude2d@imageshack.us,Male,Nuclear Power Engineer
Gavrielle,Andreassen,gandreassen2e@ycombinator.com,Female,Food Chemist
Jeannie,Furmage,jfurmage2f@zimbio.com,Female,Professor
Alayne,Filchagin,afilchagin2g@wiley.com,Female,GIS Technical Architect
Trace,Speers,tspeers2h@microsoft.com,Male,Nurse Practicioner
Dionysus,Fetherston,dfetherston2i@google.it,Male,Librarian
Cati,Messenger,cmessenger2j@sogou.com,Female,Statistician IV
Barton,Sowerby,bsowerby2k@earthlink.net,Male,Safety Technician III
Von,Keaveny,vkeaveny2l@shutterfly.com,Male,Environmental Specialist
Victoir,Thomson,vthomson2m@elpais.com,Male,VP Sales
Lorens,Stirzaker,lstirzaker2n@reverbnation.com,Male,Quality Engineer
Geri,Kasting,gkasting2o@bizjournals.com,Male,Chief Design Engineer
Dunn,Eatttok,deatttok2p@harvard.edu,Male,Nurse Practicioner
Nert,Servis,nservis2q@about.com,Female,Help Desk Operator
Dory,Goosey,dgoosey2r@gravatar.com,Male,Mechanical Systems Engineer
Gael,Foale,gfoale2s@businesswire.com,Genderfluid,Research Assistant II
Miguelita,Singh,msingh2t@wikispaces.com,Genderqueer,Actuary
Ethelred,Huddart,ehuddart2u@1und1.de,Male,VP Accounting
Cami,Haberfield,chaberfield2v@walmart.com,Non-binary,Software Consultant
Berkley,ODeoran,bodeoran2w@yale.edu,Male,Quality Control Specialist
Brianne,Cristofaro,bcristofaro2x@zdnet.com,Female,Account Executive
Cristian,Scougall,cscougall2y@nhs.uk,Male,Structural Analysis Engineer
Konstantin,Gilchriest,kgilchriest2z@pinterest.com,Male,Administrative Officer
Humphrey,Laurie,hlaurie30@digg.com,Male,Data Coordiator
Annelise,Stitch,astitch31@ocn.ne.jp,Female,Dental Hygienist
Brooke,Colbourne,bcolbourne32@i2i.jp,Genderfluid,Physical Therapy Assistant
Kirby,Charkham,kcharkham33@nps.gov,Male,Professor
Del,Rikkard,drikkard34@meetup.com,Male,Staff Scientist
Kelsey,Ellesmere,kellesmere35@xrea.com,Male,Social Worker
Kelila,Stalman,kstalman36@xinhuanet.com,Female,Registered Nurse
Victoir,Riehm,vriehm37@hc360.com,Male,Compensation Analyst
Steffen,La Batie,slabatie38@altervista.org,Male,Teacher
Bel,OLuney,boluney39@amazon.co.uk,Female,Registered Nurse
Rubi,Isacoff,risacoff3a@mozilla.org,Female,Chemical Engineer
Bayard,Kerfoot,bkerfoot3b@nhs.uk,Male,Research Associate
Lazare,Barwise,lbarwise3c@histats.com,Male,Developer IV
Hermine,Lomaz,hlomaz3d@baidu.com,Female,Analog Circuit Design manager
Ambrosi,Fortescue,afortescue3e@bravesites.com,Male,Computer Systems Analyst III
Peyton,Andreas,pandreas3f@microsoft.com,Male,Human Resources Assistant I
Allen,Simonetti,asimonetti3g@pen.io,Male,Help Desk Operator
Margarete,Westell,mwestell3h@ustream.tv,Female,Assistant Professor
Christabella,Godart,cgodart3i@posterous.com,Female,Recruiting Manager
Herbert,Derill,hderill3j@biglobe.ne.jp,Male,Nurse Practicioner
Kat,Futty,kfutty3k@indiegogo.com,Female,Automation Specialist III
Donielle,Tilley,dtilley3l@walmart.com,Female,Programmer Analyst I
Jammie,Easterfield,jeasterfield3m@twitter.com,Female,Senior Sales Associate
Keely,Fort,kfort3n@shutterfly.com,Female,Nuclear Power Engineer
Eugen,Dix,edix3o@over-blog.com,Male,Geological Engineer
Brigitte,Robbert,brobbert3p@dropbox.com,Polygender,Speech Pathologist
Bryn,McTurley,bmcturley3q@chicagotribune.com,Male,Editor
Kaye,Nussii,knussii3r@imdb.com,Female,Senior Editor
Arthur,Inge,ainge3s@boston.com,Male,Media Manager I
Charlotte,Pentecost,cpentecost3t@addthis.com,Female,Quality Engineer
Ganny,Schroder,gschroder3u@twitpic.com,Male,Senior Quality Engineer
Porter,Brayshaw,pbrayshaw3v@ebay.com,Male,Speech Pathologist
Tatiana,Quinevan,tquinevan3w@stanford.edu,Female,VP Marketing
Elbert,Orro,eorro3x@google.fr,Male,Internal Auditor
Karel,Duval,kduval3y@indiatimes.com,Male,Programmer IV
Jon,Eversfield,jeversfield3z@unc.edu,Male,Structural Engineer
Neila,Sammes,nsammes40@engadget.com,Female,Project Manager
Christopher,Dransfield,cdransfield41@cafepress.com,Genderfluid,Computer Systems Analyst III
Bartolemo,Katz,bkatz42@friendfeed.com,Male,Research Nurse
Leola,Guthrum,lguthrum43@technorati.com,Female,Research Nurse
Zonnya,Jennaroy,zjennaroy44@paginegialle.it,Female,Technical Writer
Carl,Lucus,clucus45@google.nl,Male,VP Sales
Haze,Fraczek,hfraczek46@independent.co.uk,Male,Information Systems Manager
Cinnamon,Smorfit,csmorfit47@imageshack.us,Agender,Geological Engineer
Gianna,Nealand,gnealand48@booking.com,Genderfluid,Administrative Officer
Bird,Misken,bmisken49@google.co.uk,Female,Registered Nurse
Aida,Boshell,aboshell4a@facebook.com,Female,VP Product Management
Trudey,Checklin,tchecklin4b@virginia.edu,Female,Account Representative IV
Darbie,Lattimore,dlattimore4c@vinaora.com,Female,Tax Accountant
Inger,Janata,ijanata4d@prweb.com,Female,Paralegal
Druci,Daysh,ddaysh4e@goo.ne.jp,Female,Graphic Designer
Charlot,Ableson,cableson4f@cbsnews.com,Bigender,Developer I
Muffin,Drust,mdrust4g@printfriendly.com,Female,Product Engineer
Annis,Scatcher,ascatcher4h@hc360.com,Female,Administrative Officer
Glyn,Keson,gkeson4i@hc360.com,Male,VP Sales
Sloane,Crepel,screpel4j@xinhuanet.com,Male,Research Nurse
Lidia,Loftie,lloftie4k@nytimes.com,Female,Assistant Manager
Ody,Bockler,obockler4l@biglobe.ne.jp,Male,Recruiting Manager
Darline,Brotherhead,dbrotherhead4m@walmart.com,Female,Internal Auditor
Virgie,De Bruyne,vdebruyne4n@princeton.edu,Male,Tax Accountant
Nedi,Ditchett,nditchett4o@cyberchimps.com,Female,Internal Auditor
Yuri,Drinkhill,ydrinkhill4p@hhs.gov,Male,Product Engineer
Ellery,Derwin,ederwin4q@symantec.com,Male,Account Coordinator
Garry,Bleckly,gbleckly4r@slashdot.org,Male,Automation Specialist I
Maren,Gilffilland,mgilffilland4s@umich.edu,Female,VP Quality Control
Charis,Moynham,cmoynham4t@last.fm,Female,VP Marketing
Adriaens,Lamminam,alamminam4u@ifeng.com,Female,Staff Scientist
Paola,Woolager,pwoolager4v@ox.ac.uk,Bigender,VP Quality Control
Jorgan,Fruin,jfruin4w@fc2.com,Male,Software Test Engineer III
Morgun,Nattrass,mnattrass4x@360.cn,Male,Geological Engineer
Doretta,Manuele,dmanuele4y@wordpress.org,Female,Help Desk Operator
Samson,Grigore,sgrigore4z@usa.gov,Male,Food Chemist
Merrill,MacNeish,mmacneish50@toplist.cz,Male,Computer Systems Analyst III
Yettie,Texton,ytexton51@reverbnation.com,Female,Software Test Engineer IV
Davida,Abendroth,dabendroth52@istockphoto.com,Female,Legal Assistant
Hilario,Drummer,hdrummer53@artisteer.com,Male,Computer Systems Analyst IV
Hobard,Raise,hraise54@biblegateway.com,Male,Assistant Manager
Demetra,Mose,dmose55@forbes.com,Female,Financial Analyst
Ravi,Mathy,rmathy56@twitter.com,Male,Database Administrator I
Edithe,Pawelke,epawelke57@dailymotion.com,Female,VP Marketing
Carmela,Howard - Gater,chowardgater58@ted.com,Female,Executive Secretary
Forrester,Yitzhak,fyitzhak59@sciencedirect.com,Male,Internal Auditor
Whitaker,Shearman,wshearman5a@ihg.com,Male,Information Systems Manager
Phil,McWilliam,pmcwilliam5b@dailymotion.com,Female,Business Systems Development Analyst
Odetta,Bickerdyke,obickerdyke5c@patch.com,Female,Tax Accountant
Carlie,Malan,cmalan5d@whitehouse.gov,Non-binary,Research Assistant III
Elisha,Vasiljevic,evasiljevic5e@gmpg.org,Male,Tax Accountant
Mechelle,Longland,mlongland5f@chicagotribune.com,Female,Design Engineer
Augy,Skuse,askuse5g@hao123.com,Male,Recruiting Manager
Boony,Basnall,bbasnall5h@whitehouse.gov,Male,Sales Representative
Chad,Bielefeld,cbielefeld5i@vk.com,Male,Executive Secretary
Farris,Inder,finder5j@arstechnica.com,Male,Budget/Accounting Analyst III
Maisie,Kinvan,mkinvan5k@pinterest.com,Female,Senior Editor
Zebulen,Vardy,zvardy5l@virginia.edu,Male,Assistant Media Planner
Tye,Aiken,taiken5m@vistaprint.com,Male,Staff Accountant IV
Brockie,Belfit,bbelfit5n@patch.com,Male,Engineer I
Celie,Pirdy,cpirdy5o@networksolutions.com,Female,Sales Associate
Merry,Garner,mgarner5p@bizjournals.com,Male,Help Desk Operator
Kissiah,Sommerville,ksommerville5q@whitehouse.gov,Genderfluid,Account Coordinator
Darrin,Bukowski,dbukowski5r@ezinearticles.com,Male,Software Test Engineer III
Elizabet,Bourbon,ebourbon5s@bluehost.com,Female,Statistician II
Bartie,Prescott,bprescott5t@behance.net,Male,Geological Engineer
Elizabet,Anwell,eanwell5u@naver.com,Female,Tax Accountant
Sanford,Gilogly,sgilogly5v@xinhuanet.com,Male,Research Associate
Dinny,Giacopazzi,dgiacopazzi5w@1688.com,Female,Senior Developer
Quinn,Bolin,qbolin5x@qq.com,Male,Social Worker
Tabby,Zorzoni,tzorzoni5y@dot.gov,Male,Chief Design Engineer
Merle,Archbould,marchbould5z@smh.com.au,Male,Database Administrator IV
Jerrilyn,Pinkerton,jpinkerton60@google.co.jp,Female,Teacher
Leopold,MacRitchie,lmacritchie61@posterous.com,Male,Pharmacist
Galina,Quilter,gquilter62@e-recht24.de,Female,Safety Technician III
Karlen,Rizzi,krizzi63@who.int,Polygender,Registered Nurse
Burch,Coward,bcoward64@blogs.com,Polygender,Business Systems Development Analyst
Phelia,Ausher,pausher65@ca.gov,Female,General Manager
Rosco,Clow,rclow66@pbs.org,Male,Staff Scientist
Abrahan,Arnopp,aarnopp67@wikia.com,Male,Product Engineer
Powell,Kemmer,pkemmer68@stanford.edu,Male,Geologist IV
Polly,Cassin,pcassin69@people.com.cn,Female,Professor
Dorolice,Calterone,dcalterone6a@ibm.com,Female,Geological Engineer
Tommie,Kilmurray,tkilmurray6b@ucoz.ru,Male,Compensation Analyst
Georgie,Koeppe,gkoeppe6c@mayoclinic.com,Female,Technical Writer
Lisa,Neno,lneno6d@dot.gov,Female,General Manager
Mathilda,Purnell,mpurnell6e@miitbeian.gov.cn,Female,Accountant I
Jemima,Moretto,jmoretto6f@wikia.com,Female,Environmental Tech
Anatole,Hasson,ahasson6g@addthis.com,Male,Product Engineer
Geoffry,McCole,gmccole6h@privacy.gov.au,Male,Chief Design Engineer
Rivi,Villar,rvillar6i@tamu.edu,Female,Chemical Engineer
Shela,Coveney,scoveney6j@umich.edu,Female,Executive Secretary
Loralee,Hacun,lhacun6k@samsung.com,Female,Statistician I
Georgeanne,McNutt,gmcnutt6l@wikimedia.org,Female,Systems Administrator IV
Mureil,Vane,mvane6m@surveymonkey.com,Female,Environmental Tech
Kaspar,Spellessy,kspellessy6n@yandex.ru,Male,Paralegal
Glenda,Nisco,gnisco6o@dailymail.co.uk,Genderqueer,Biostatistician IV
Issi,Janning,ijanning6p@springer.com,Female,Research Associate
Jacquenette,Filipowicz,jfilipowicz6q@indiatimes.com,Non-binary,VP Marketing
Kristofer,Curlis,kcurlis6r@marriott.com,Male,Structural Engineer
Herby,Devil,hdevil6s@bizjournals.com,Male,GIS Technical Architect
Berkeley,Jones,bjones6t@so-net.ne.jp,Male,Information Systems Manager
Sheridan,Dobrovolny,sdobrovolny6u@soundcloud.com,Male,Editor
Bone,While,bwhile6v@webs.com,Male,Clinical Specialist
Dione,Kunkel,dkunkel6w@hugedomains.com,Female,Nurse Practicioner
Manny,Danielis,mdanielis6x@webnode.com,Male,Software Engineer IV
Rafaello,Lockey,rlockey6y@jiathis.com,Male,VP Sales
Amerigo,Maplethorpe,amaplethorpe6z@trellian.com,Male,Database Administrator I
Cathyleen,Lancett,clancett70@oakley.com,Female,Sales Associate
Myrtia,Mariaud,mmariaud71@ftc.gov,Female,Environmental Tech
Daryl,Di Carli,ddicarli72@slideshare.net,Male,Marketing Manager
Nadiya,Crunkhurn,ncrunkhurn73@twitter.com,Female,Data Coordiator
Kelley,Lidgerton,klidgerton74@vistaprint.com,Male,Software Test Engineer IV
Amalea,Khristyukhin,akhristyukhin75@economist.com,Female,Chemical Engineer
Thaxter,Dilston,tdilston76@china.com.cn,Male,Administrative Assistant III
Bessie,Stanaway,bstanaway77@columbia.edu,Female,Product Engineer
Domini,Clayden,dclayden78@cloudflare.com,Female,Developer II
Jade,Youthed,jyouthed79@mail.ru,Female,Occupational Therapist
Glen,Casone,gcasone7a@yelp.com,Male,Technical Writer
Martelle,Jobbings,mjobbings7b@washington.edu,Female,Assistant Media Planner
Sandor,Symes,ssymes7c@1und1.de,Male,VP Accounting
Noam,Lasham,nlasham7d@devhub.com,Male,Recruiting Manager
Corey,Wethey,cwethey7e@amazonaws.com,Male,Business Systems Development Analyst
Arlyne,Nazaret,anazaret7f@addtoany.com,Female,Operator
Riccardo,Harcus,rharcus7g@google.com.hk,Genderfluid,Pharmacist
Bernarr,Martindale,bmartindale7h@devhub.com,Polygender,Office Assistant I
Troy,MacLure,tmaclure7i@spotify.com,Male,Occupational Therapist
Jessie,Giroldo,jgiroldo7j@google.com.hk,Female,Quality Engineer
Gracia,Roden,groden7k@cargocollective.com,Female,Payment Adjustment Coordinator
Horton,Gert,hgert7l@prnewswire.com,Male,Human Resources Assistant I
Law,Cruikshanks,lcruikshanks7m@spiegel.de,Male,Administrative Assistant III
Reider,Hendrickx,rhendrickx7n@mail.ru,Male,Executive Secretary
Benjamen,Turfrey,bturfrey7o@free.fr,Male,Sales Representative
Esme,Tyre,etyre7p@hexun.com,Male,Occupational Therapist
Teodoor,Coyne,tcoyne7q@discovery.com,Male,Assistant Manager
Dene,Reside,dreside7r@columbia.edu,Male,Environmental Specialist
Christoph,Canet,ccanet7s@nhs.uk,Male,Quality Control Specialist
Dominga,Drinkel,ddrinkel7t@foxnews.com,Bigender,Cost Accountant
Gusella,Bakhrushin,gbakhrushin7u@about.me,Female,Nurse
Zechariah,Brolan,zbrolan7v@epa.gov,Male,Associate Professor
Thane,Hamfleet,thamfleet7w@accuweather.com,Male,Analog Circuit Design manager
West,Yourell,wyourell7x@xrea.com,Male,Registered Nurse
Fritz,Falk,ffalk7y@scribd.com,Male,Librarian
Jarrod,Sillars,jsillars7z@sphinn.com,Agender,Chief Design Engineer
Lissie,Staries,lstaries80@bravesites.com,Female,Information Systems Manager
Magnum,Sidlow,msidlow81@nih.gov,Genderfluid,Environmental Specialist
Vilma,Wickens,vwickens82@xinhuanet.com,Bigender,Account Representative II
Levy,Nott,lnott83@bluehost.com,Male,Account Executive
Orella,Allender,oallender84@github.com,Female,Geologist I
Salli,Dunan,sdunan85@wisc.edu,Female,Software Test Engineer II
Margaretta,Ogbourne,mogbourne86@ebay.com,Female,Editor
Claudie,Rainton,crainton87@cdc.gov,Female,VP Marketing
Judy,Mee,jmee88@foxnews.com,Female,Health Coach IV
Remy,Jakubovits,rjakubovits89@indiegogo.com,Female,VP Product Management
Sayres,Lantiff,slantiff8a@discuz.net,Male,Dental Hygienist
Horten,Farfull,hfarfull8b@symantec.com,Male,Staff Scientist
Dorey,Reith,dreith8c@arizona.edu,Male,Health Coach I
Tomi,Skin,tskin8d@un.org,Female,Registered Nurse
Genevieve,Stanluck,gstanluck8e@netlog.com,Female,VP Marketing
Neila,Cesco,ncesco8f@ted.com,Female,Software Test Engineer III
Mavra,Shurmore,mshurmore8g@infoseek.co.jp,Female,Geologist III
Gideon,Kingaby,gkingaby8h@state.gov,Male,Teacher
Priscilla,Scotland,pscotland8i@liveinternet.ru,Genderfluid,Environmental Tech
Tadd,Osbiston,tosbiston8j@dailymotion.com,Male,Staff Scientist
Almeda,Cowoppe,acowoppe8k@de.vu,Female,Database Administrator II
Serene,Beadham,sbeadham8l@cam.ac.uk,Female,VP Accounting
Karrah,Grimwade,kgrimwade8m@deviantart.com,Female,Assistant Manager
Karon,OScannill,koscannill8n@narod.ru,Female,Human Resources Manager
Meaghan,Scarce,mscarce8o@list-manage.com,Female,Help Desk Technician
Peggi,Mullins,pmullins8p@slideshare.net,Female,Quality Control Specialist
Conrad,Summerell,csummerell8q@list-manage.com,Male,Research Associate
Siobhan,Gaine,sgaine8r@google.pl,Female,Programmer Analyst III
Jason,Pascoe,jpascoe8s@etsy.com,Male,Quality Control Specialist
Paxon,Batecok,pbatecok8t@ucoz.com,Male,Professor
Berti,Luddy,bluddy8u@wired.com,Male,Actuary
Trula,Olesen,tolesen8v@github.io,Female,Environmental Tech
Cletus,Hackleton,chackleton8w@arstechnica.com,Genderqueer,Professor
Fair,Smowton,fsmowton8x@cdbaby.com,Male,Senior Developer
Ellie,Rapley,erapley8y@comcast.net,Female,Database Administrator III
Fran,Ainger,fainger8z@bing.com,Female,Senior Quality Engineer
Ted,Wilkinson,twilkinson90@ning.com,Male,VP Sales
Venus,Braghini,vbraghini91@bravesites.com,Female,Human Resources Assistant IV
Jillayne,Ridulfo,jridulfo92@dailymotion.com,Female,Operator
Marmaduke,Signoret,msignoret93@rediff.com,Male,Legal Assistant
Elias,Farden,efarden94@wufoo.com,Genderqueer,Account Coordinator
Greer,Ellin,gellin95@huffingtonpost.com,Female,Clinical Specialist
Sidonnie,Piddletown,spiddletown96@wsj.com,Female,Research Associate
Fairleigh,De Bernardi,fdebernardi97@google.ca,Male,Chief Design Engineer
Tadeas,Rennicks,trennicks98@harvard.edu,Male,General Manager
Flory,Giovanazzi,fgiovanazzi99@time.com,Female,Geologist III
Pansie,Shillam,pshillam9a@shareasale.com,Female,Administrative Officer
Ethelred,Duke,eduke9b@rediff.com,Male,Electrical Engineer
Gary,Pascow,gpascow9c@dedecms.com,Male,Electrical Engineer
Gene,Aldham,galdham9d@harvard.edu,Male,Dental Hygienist
Lorin,Withur,lwithur9e@netlog.com,Male,Environmental Tech
Wayland,Spendley,wspendley9f@youtu.be,Male,Executive Secretary
Bartram,Barstowk,bbarstowk9g@utexas.edu,Male,Assistant Professor
Domini,Lamasna,dlamasna9h@mail.ru,Female,Biostatistician IV
Augustin,Ferrulli,aferrulli9i@prnewswire.com,Male,Financial Analyst
Rhiamon,Dun,rdun9j@symantec.com,Female,Recruiting Manager
Emilie,Rylstone,erylstone9k@skype.com,Female,Compensation Analyst
Merle,Elgood,melgood9l@japanpost.jp,Female,Software Engineer I
Celine,Deware,cdeware9m@histats.com,Female,Registered Nurse
Abram,Ells,aells9n@dion.ne.jp,Male,Human Resources Assistant III
Conrado,Incogna,cincogna9o@cmu.edu,Male,Office Assistant I
Byrle,Bowkett,bbowkett9p@google.ca,Male,Administrative Officer
Terrie,Lodemann,tlodemann9q@tripod.com,Female,Design Engineer
Waldo,Tourne,wtourne9r@un.org,Male,Assistant Media Planner
Manuel,Scrancher,mscrancher9s@noaa.gov,Male,Senior Sales Associate
Wait,Bergstrand,wbergstrand9t@goo.ne.jp,Male,Administrative Assistant I
Fredra,Bamford,fbamford9u@wiley.com,Female,Automation Specialist III
Fairleigh,Freund,ffreund9v@telegraph.co.uk,Male,GIS Technical Architect
Monte,Maystone,mmaystone9w@hostgator.com,Male,Marketing Manager
Marlowe,Hartil,mhartil9x@jimdo.com,Male,Project Manager
Neil,Banker,nbanker9y@ted.com,Male,Help Desk Operator
Barbra,Bremner,bbremner9z@admin.ch,Female,Account Representative III
Adelaide,McBayne,amcbaynea0@constantcontact.com,Female,Senior Sales Associate
Alfons,Berthot,aberthota1@irs.gov,Male,VP Quality Control
Burch,Burkett,bburketta2@g.co,Male,Legal Assistant
Simmonds,Pittet,spitteta3@biglobe.ne.jp,Male,Actuary
Gregg,Murdy,gmurdya4@slashdot.org,Male,Administrative Officer
Waverley,Moores,wmooresa5@flickr.com,Male,Computer Systems Analyst IV
Rafa,Davidovich,rdavidovicha6@simplemachines.org,Female,Nuclear Power Engineer
Ermin,Donet,edoneta7@ucoz.com,Polygender,Engineer I
Ollie,Ochterlony,oochterlonya8@mail.ru,Female,Nuclear Power Engineer
Napoleon,Vesque,nvesquea9@is.gd,Male,GIS Technical Architect
Wilfrid,Babington,wbabingtonaa@hubpages.com,Male,Operator
Marybelle,Southan,msouthanab@harvard.edu,Female,Developer IV
Ardelle,Olenchenko,aolenchenkoac@dell.com,Female,Data Coordiator
Hastie,Alcoran,halcoranad@gmpg.org,Male,Internal Auditor
Milissent,Lalonde,mlalondeae@europa.eu,Female,Biostatistician IV
Sinclair,Blackader,sblackaderaf@marketwatch.com,Male,Computer Systems Analyst III
Corabelle,Georgius,cgeorgiusag@facebook.com,Female,Design Engineer
Charlotta,Deschelle,cdeschelleah@tiny.cc,Polygender,VP Sales
Raviv,Nano,rnanoai@reddit.com,Male,Research Nurse
Wade,Woolmore,wwoolmoreaj@ucsd.edu,Male,Clinical Specialist
Nicky,Francello,nfrancelloak@ameblo.jp,Polygender,Computer Systems Analyst IV
Aundrea,Elford,aelfordal@irs.gov,Female,Database Administrator III
Tedie,Gresswood,tgresswoodam@cdbaby.com,Male,Safety Technician IV
Herminia,Campanelli,hcampanellian@printfriendly.com,Female,Research Associate
Leslie,Willowby,lwillowbyao@amazon.co.uk,Female,Financial Advisor
Gizela,Greated,ggreatedap@ucoz.com,Female,Account Coordinator
Pattie,Mapston,pmapstonaq@ifeng.com,Agender,Safety Technician II
Dido,Haysey,dhayseyar@scribd.com,Female,Pharmacist
Bibbie,Lovelock,blovelockas@cbslocal.com,Female,Data Coordiator
Vincent,Undrill,vundrillat@addtoany.com,Male,Assistant Manager
Magda,Yakebovich,myakebovichau@icq.com,Female,Chief Design Engineer
Josias,Bramelt,jbrameltav@people.com.cn,Male,Media Manager IV
Prudy,Boise,pboiseaw@youtu.be,Agender,Registered Nurse
Berni,Catlow,bcatlowax@goo.gl,Female,Research Assistant IV
Erminie,Brechin,ebrechinay@chicagotribune.com,Non-binary,Administrative Assistant IV
Dallas,Larvor,dlarvoraz@ovh.net,Male,Chief Design Engineer
Rheta,Stovold,rstovoldb0@nbcnews.com,Female,Financial Analyst
Barnaby,Brodeur,bbrodeurb1@google.de,Male,Financial Advisor
Delores,Pfeffer,dpfefferb2@slate.com,Female,Geologist III
Barth,Vereker,bverekerb3@ustream.tv,Male,GIS Technical Architect
Cosme,Eakly,ceaklyb4@amazon.de,Male,Analyst Programmer
Josh,Brockley,jbrockleyb5@joomla.org,Male,Graphic Designer
Rand,Duligall,rduligallb6@sitemeter.com,Male,Marketing Manager
Aida,Lithgow,alithgowb7@bloomberg.com,Female,Database Administrator I
Amargo,Baribal,abaribalb8@imdb.com,Female,Food Chemist
Jenelle,Hulls,jhullsb9@bloglines.com,Female,Media Manager IV
Kelvin,Grancher,kgrancherba@toplist.cz,Male,Senior Financial Analyst
Jed,Crutchley,jcrutchleybb@ibm.com,Genderqueer,Software Engineer II
Katinka,Bellhouse,kbellhousebc@npr.org,Female,Research Nurse
Julian,Snar,jsnarbd@fotki.com,Male,Financial Advisor
Steffen,Sandwich,ssandwichbe@lycos.com,Male,Health Coach II
Iona,MacLeese,imacleesebf@ted.com,Female,Marketing Assistant
Jo,Dmitrovic,jdmitrovicbg@psu.edu,Male,Staff Accountant II
Winnifred,Freezer,wfreezerbh@altervista.org,Bigender,Legal Assistant
Page,Evemy,pevemybi@virginia.edu,Male,Accounting Assistant IV
Mano,Meikle,mmeiklebj@skyrock.com,Male,Design Engineer
Iorgos,Cundy,icundybk@youku.com,Male,Nuclear Power Engineer
Lucian,Bessett,lbessettbl@examiner.com,Male,Software Consultant
Donelle,Robinette,drobinettebm@wordpress.com,Female,Librarian
Palm,Harmond,pharmondbn@spotify.com,Male,Marketing Manager
Jedd,Godilington,jgodilingtonbo@pcworld.com,Male,VP Marketing
Trefor,Jolliff,tjolliffbp@upenn.edu,Male,Community Outreach Specialist
Damiano,Petranek,dpetranekbq@ycombinator.com,Male,Health Coach IV
Saidee,Knipe,sknipebr@feedburner.com,Female,Statistician III
Waly,Zemler,wzemlerbs@reddit.com,Female,Speech Pathologist
Madonna,Teale,mtealebt@so-net.ne.jp,Female,Office Assistant III
Muffin,Fritzer,mfritzerbu@cloudflare.com,Male,Recruiting Manager
Anjanette,Tandy,atandybv@sourceforge.net,Female,Actuary
Dani,Eringey,deringeybw@bizjournals.com,Female,Pharmacist
Hollie,Severy,hseverybx@princeton.edu,Female,Librarian
Cherri,Climar,cclimarby@ft.com,Female,Compensation Analyst
Caterina,De Domenici,cdedomenicibz@house.gov,Female,Compensation Analyst
Merrilee,Handlin,mhandlinc0@intel.com,Female,Food Chemist
Cirillo,Simcock,csimcockc1@ed.gov,Male,Assistant Professor
Gerard,Durtnell,gdurtnellc2@moonfruit.com,Non-binary,Junior Executive
Vladamir,Govini,vgovinic3@howstuffworks.com,Male,Teacher
Gwennie,Clemas,gclemasc4@adobe.com,Non-binary,Web Designer I
Ella,Andrelli,eandrellic5@cisco.com,Female,Payment Adjustment Coordinator
Annamaria,Petzold,apetzoldc6@pinterest.com,Female,Community Outreach Specialist
Lauritz,Layton,llaytonc7@canalblog.com,Male,Design Engineer
Gris,Thorbon,gthorbonc8@msn.com,Male,Administrative Assistant II
Marco,Argyle,margylec9@hud.gov,Male,Associate Professor
Zach,Blakden,zblakdenca@hao123.com,Male,Research Associate
Isis,Monteaux,imonteauxcb@phpbb.com,Female,Geologist I
Isabelita,Musla,imuslacc@drupal.org,Female,Nuclear Power Engineer
Tate,Hurling,thurlingcd@mit.edu,Male,Senior Editor
Bordie,Meanwell,bmeanwellce@topsy.com,Male,Staff Scientist
Gordie,Champerlen,gchamperlencf@weather.com,Male,Web Designer II
Terza,Crowche,tcrowchecg@redcross.org,Female,Software Engineer II
Gauthier,Franchi,gfranchich@ifeng.com,Male,Financial Analyst
Richy,Weatherdon,rweatherdonci@amazon.com,Male,Accountant I
Heida,Gilby,hgilbycj@nationalgeographic.com,Female,Financial Advisor
Tina,Mauger,tmaugerck@csmonitor.com,Female,Senior Quality Engineer
Aviva,Bantick,abantickcl@livejournal.com,Female,Graphic Designer
Benedicta,Hinzer,bhinzercm@go.com,Female,Payment Adjustment Coordinator
Joseph,Shadrach,jshadrachcn@theguardian.com,Male,Geological Engineer
Nancy,Sedworth,nsedworthco@scribd.com,Female,Assistant Professor
Garrot,Mauchline,gmauchlinecp@ebay.co.uk,Male,Actuary
Weider,Amiable,wamiablecq@networksolutions.com,Male,Executive Secretary
Chaunce,Dewi,cdewicr@tripod.com,Male,Staff Accountant II
Carin,Fouracre,cfouracrecs@wp.com,Female,Administrative Officer
Merell,Zupone,mzuponect@bravesites.com,Male,Librarian
Donnell,Mayell,dmayellcu@blogtalkradio.com,Male,Programmer Analyst II
Kirstin,Dryden,kdrydencv@nifty.com,Female,Database Administrator II
Klarrisa,Gillan,kgillancw@angelfire.com,Female,Quality Engineer
Lanie,Rayner,lraynercx@printfriendly.com,Male,Geologist I
Nancee,Proughten,nproughtency@admin.ch,Female,Help Desk Operator
Lexine,Littlepage,llittlepagecz@wikipedia.org,Female,Operator
Joshua,Morrid,jmorridd0@admin.ch,Male,Senior Financial Analyst
Kare,Shipp,kshippd1@ycombinator.com,Female,Environmental Tech
Barton,Calkin,bcalkind2@youtube.com,Male,Senior Sales Associate
Clo,MacDermand,cmacdermandd3@go.com,Female,Account Executive
Shanie,Hobble,shobbled4@blogtalkradio.com,Female,Recruiter
Aaren,Lockley,alockleyd5@posterous.com,Female,Research Associate
Jareb,Izhak,jizhakd6@etsy.com,Male,Mechanical Systems Engineer
Ricca,De Filippi,rdefilippid7@bbb.org,Female,Paralegal
Alika,Aimable,aaimabled8@vkontakte.ru,Non-binary,Structural Analysis Engineer
Cheston,McEvoy,cmcevoyd9@bloglovin.com,Male,Human Resources Manager
Hobie,Saward,hsawardda@feedburner.com,Male,Pharmacist
Jerrold,Chaloner,jchalonerdb@google.it,Genderfluid,Quality Control Specialist
Pippy,Jouen,pjouendc@tiny.cc,Female,Business Systems Development Analyst
Dione,Mansuer,dmansuerdd@unblog.fr,Female,Analog Circuit Design manager
Cordell,Mikalski,cmikalskide@miibeian.gov.cn,Male,Web Designer III
Inness,Comellini,icomellinidf@yolasite.com,Male,Financial Advisor
Buddie,Crawcour,bcrawcourdg@arstechnica.com,Male,Research Associate
Clyde,Cicchetto,ccicchettodh@163.com,Male,Biostatistician I
Lyndell,Shimwall,lshimwalldi@cnbc.com,Female,Human Resources Manager
Cyndie,MacCroary,cmaccroarydj@bbc.co.uk,Female,Registered Nurse
Mada,Lodden,mloddendk@arizona.edu,Female,Marketing Assistant
Cad,Conquer,cconquerdl@vinaora.com,Male,Human Resources Assistant III
Jimmy,Ryam,jryamdm@weather.com,Male,Senior Developer
Heidie,Parade,hparadedn@imgur.com,Female,Marketing Manager
Noemi,Petow,npetowdo@privacy.gov.au,Female,Sales Associate
Pat,Stutter,pstutterdp@nytimes.com,Male,Project Manager
Roda,Mowling,rmowlingdq@guardian.co.uk,Female,Safety Technician I
Rogerio,Wakelin,rwakelindr@tiny.cc,Male,Nuclear Power Engineer
Arlen,Deesly,adeeslyds@techcrunch.com,Polygender,Geological Engineer
Doti,Karpenko,dkarpenkodt@japanpost.jp,Female,Staff Accountant III
Calli,Schwandermann,cschwandermanndu@networksolutions.com,Genderqueer,Clinical Specialist
Rory,Volkes,rvolkesdv@gov.uk,Female,Health Coach IV
Bailie,Cantua,bcantuadw@tamu.edu,Polygender,Recruiter
Ebenezer,Robet,erobetdx@cargocollective.com,Male,Internal Auditor
Zara,Checcuzzi,zcheccuzzidy@wordpress.com,Female,Senior Cost Accountant
Ellis,OKeefe,eokeefedz@instagram.com,Male,Human Resources Assistant IV
Mervin,Abrashkov,mabrashkove0@squarespace.com,Male,Senior Developer
Obie,Jauncey,ojaunceye1@seattletimes.com,Male,Technical Writer
Mandi,Fant,mfante2@smugmug.com,Female,Quality Control Specialist
Lotty,Bamforth,lbamforthe3@squarespace.com,Female,Statistician II
Mair,Gamell,mgamelle4@quantcast.com,Female,Director of Sales
Carmelle,Elecum,celecume5@mail.ru,Female,Analyst Programmer
Sissie,Gasnoll,sgasnolle6@theglobeandmail.com,Female,Operator
Amberly,Allsop,aallsope7@buzzfeed.com,Female,Engineer III
Eleanore,Di Carli,edicarlie8@wordpress.org,Female,Technical Writer
Marwin,Smallthwaite,msmallthwaitee9@zdnet.com,Male,Human Resources Manager
Aimil,McGarrie,amcgarrieea@ifeng.com,Female,Senior Quality Engineer
Janel,Christopher,jchristophereb@behance.net,Agender,Business Systems Development Analyst
Whitney,Sirmond,wsirmondec@blogger.com,Non-binary,Business Systems Development Analyst
Phip,Hellin,phellined@tinypic.com,Male,Senior Developer
Gretel,Tewkesberrie,gtewkesberrieee@bing.com,Female,Administrative Assistant II
Dana,Imos,dimosef@wordpress.org,Male,Research Nurse
Bianca,Panyer,bpanyereg@360.cn,Female,Research Assistant I
Hebert,Dametti,hdamettieh@tiny.cc,Male,Marketing Manager
Kalle,Dinnage,kdinnageei@chronoengine.com,Genderqueer,Legal Assistant
Cathe,Labbett,clabbettej@statcounter.com,Female,Office Assistant II
Marietta,Brigden,mbrigdenek@gov.uk,Male,Automation Specialist IV
Delcina,Crowdace,dcrowdaceel@zdnet.com,Female,Actuary
Marianne,MacMenamie,mmacmenamieem@twitter.com,Female,Chemical Engineer
Cassie,Davidsohn,cdavidsohnen@umn.edu,Male,Environmental Specialist
Samuel,Scollan,sscollaneo@unblog.fr,Male,Civil Engineer
Sherwynd,Hindenburg,shindenburgep@linkedin.com,Genderqueer,Electrical Engineer
Shawnee,Burkman,sburkmaneq@goo.gl,Polygender,Professor
Lauryn,Rycroft,lrycrofter@netvibes.com,Female,Web Developer I
Noam,Borne,nbornees@discovery.com,Male,Operator
Carlo,Pledge,cpledgeet@quantcast.com,Male,Structural Engineer
Gwennie,Giffard,ggiffardeu@alibaba.com,Female,Account Representative II
Collette,Redwing,credwingev@icq.com,Bigender,Teacher
Morgen,Blacker,mblackerew@php.net,Male,Community Outreach Specialist
Anallise,McKyrrelly,amckyrrellyex@youtube.com,Female,Marketing Assistant
Randolph,Barosch,rbaroschey@usnews.com,Male,Desktop Support Technician
Roanna,Trundell,rtrundellez@cam.ac.uk,Female,VP Sales
Fremont,Plane,fplanef0@newyorker.com,Male,Speech Pathologist
Lowe,Worge,lworgef1@symantec.com,Male,Project Manager
Johann,Britian,jbritianf2@businessinsider.com,Male,Speech Pathologist
Aloysia,De Beauchemp,adebeauchempf3@senate.gov,Female,Web Designer III
Spense,Konneke,skonnekef4@skyrock.com,Genderfluid,Nurse Practicioner
Izak,Stoeckle,istoecklef5@prweb.com,Male,Pharmacist
Marchall,Barkly,mbarklyf6@php.net,Male,Occupational Therapist
Coleman,Dymoke,cdymokef7@cbsnews.com,Male,Software Engineer I
Ashil,Christofol,achristofolf8@domainmarket.com,Female,Senior Developer
Zaccaria,Loveland,zlovelandf9@narod.ru,Male,Health Coach II
Jereme,Liles,jlilesfa@exblog.jp,Genderfluid,Human Resources Assistant IV
Jule,Malkie,jmalkiefb@hostgator.com,Male,VP Sales
Mattias,Galliford,mgallifordfc@hugedomains.com,Male,Senior Editor
Fletch,Dregan,fdreganfd@rakuten.co.jp,Male,Assistant Professor
Faye,Kerman,fkermanfe@gizmodo.com,Female,Project Manager
Scot,Breffit,sbreffitff@sciencedirect.com,Male,Nurse
Sindee,Donne,sdonnefg@va.gov,Female,Structural Engineer
Gunther,Hymers,ghymersfh@google.com,Male,Programmer Analyst III
Hashim,Benmore,hbenmorefi@usa.gov,Male,Chemical Engineer
Spike,Cuberley,scuberleyfj@usnews.com,Non-binary,Senior Quality Engineer
Cynthia,Tallquist,ctallquistfk@squidoo.com,Female,Health Coach III
Brenda,Coutts,bcouttsfl@utexas.edu,Female,Professor
Abbe,Shuttle,ashuttlefm@cocolog-nifty.com,Female,Marketing Manager
Andy,Geoghegan,ageogheganfn@usgs.gov,Female,Geologist II
Knox,Hailey,khaileyfo@hibu.com,Male,Administrative Officer
Rosemarie,Moyer,rmoyerfp@guardian.co.uk,Agender,Quality Engineer
Con,Place,cplacefq@japanpost.jp,Female,Structural Engineer
Leanora,Oakwood,loakwoodfr@hexun.com,Female,Director of Sales
El,Duckerin,educkerinfs@delicious.com,Male,Structural Engineer
Odille,von Nassau,ovonnassauft@geocities.com,Genderfluid,Pharmacist
Kit,Legion,klegionfu@myspace.com,Male,Senior Sales Associate
Doralyn,Arkcoll,darkcollfv@state.tx.us,Female,Pharmacist
Luella,Polglase,lpolglasefw@amazon.co.jp,Agender,Software Test Engineer I
Roda,De Metz,rdemetzfx@example.com,Female,Occupational Therapist
Karleen,Myrick,kmyrickfy@about.me,Female,Speech Pathologist
Jayson,Drysdell,jdrysdellfz@diigo.com,Male,Legal Assistant
Nesta,Howbrook,nhowbrookg0@wired.com,Female,Marketing Manager
Waite,Marchetti,wmarchettig1@va.gov,Polygender,Internal Auditor
Amory,Marl,amarlg2@vk.com,Bigender,Occupational Therapist
Boonie,Dransfield,bdransfieldg3@surveymonkey.com,Male,Help Desk Operator
Meyer,Megainey,mmegaineyg4@desdev.cn,Male,Software Test Engineer I
Mohandis,Fiddymont,mfiddymontg5@loc.gov,Male,Legal Assistant
Stephani,Klasing,sklasingg6@webmd.com,Female,Product Engineer
Tedd,Melbury,tmelburyg7@unc.edu,Male,Financial Advisor
Llewellyn,Mulrean,lmulreang8@zimbio.com,Male,Computer Systems Analyst III
Bobbette,Skepper,bskepperg9@smh.com.au,Female,Assistant Professor
Ashton,MacAlaster,amacalasterga@ask.com,Male,Data Coordiator
Luther,Sivyer,lsivyergb@furl.net,Male,Programmer Analyst IV
Leoine,Lockery,llockerygc@cloudflare.com,Genderfluid,Quality Control Specialist
Howard,Rignold,hrignoldgd@cocolog-nifty.com,Male,Sales Representative
Haskel,Huckfield,hhuckfieldge@feedburner.com,Male,Marketing Assistant
Noble,Pech,npechgf@shop-pro.jp,Male,Media Manager IV
Felisha,Osbaldstone,fosbaldstonegg@patch.com,Polygender,Assistant Manager
Madelaine,Adney,madneygh@paginegialle.it,Female,Staff Accountant III
Roderigo,Sheasby,rsheasbygi@bandcamp.com,Male,Senior Editor
Becki,Salaman,bsalamangj@huffingtonpost.com,Female,Community Outreach Specialist
Rudd,Wapplington,rwapplingtongk@moonfruit.com,Male,Junior Executive
Parrnell,Smales,psmalesgl@shinystat.com,Male,Account Coordinator
Emlynne,McKiddin,emckiddingm@livejournal.com,Female,Accountant II
Orrin,Bodman,obodmangn@zimbio.com,Male,Junior Executive
Kacy,OCollopy,kocollopygo@sogou.com,Female,Financial Advisor
Kenn,Strother,kstrothergp@1und1.de,Male,Media Manager II
Marillin,Erdely,merdelygq@thetimes.co.uk,Female,Information Systems Manager
Siusan,McShee,smcsheegr@networkadvertising.org,Female,Professor
Albrecht,Poyntz,apoyntzgs@cisco.com,Male,Analog Circuit Design manager
Leigh,Ramsdale,lramsdalegt@istockphoto.com,Male,Human Resources Manager
Danell,Trounce,dtrouncegu@mail.ru,Female,Payment Adjustment Coordinator
Lina,Pund,lpundgv@bravesites.com,Polygender,Speech Pathologist
Torre,Allin,tallingw@amazon.com,Male,Help Desk Operator
Kaila,Anderbrugge,kanderbruggegx@foxnews.com,Female,Help Desk Operator
Bartolomeo,Rothery,brotherygy@flavors.me,Male,Actuary
Thorin,Kimmel,tkimmelgz@ebay.com,Male,Chief Design Engineer
Alix,Mower,amowerh0@tiny.cc,Female,Senior Sales Associate
Randie,Kybert,rkyberth1@dropbox.com,Male,Account Representative I
Bernardo,Banger,bbangerh2@oaic.gov.au,Male,Nurse Practicioner
Ezri,Tabert,etaberth3@blinklist.com,Male,Recruiting Manager
Reinold,Teck,rteckh4@uol.com.br,Male,Help Desk Operator
Lishe,Claringbold,lclaringboldh5@timesonline.co.uk,Female,Assistant Manager
Emmett,Coultas,ecoultash6@marketwatch.com,Male,Legal Assistant
Carrol,Beincken,cbeinckenh7@dagondesign.com,Male,Chemical Engineer
Charmion,Scardifeild,cscardifeildh8@yandex.ru,Female,Geological Engineer
Carver,Blackman,cblackmanh9@timesonline.co.uk,Male,Financial Advisor
Julieta,Southern,jsouthernha@unesco.org,Female,VP Sales
Caren,Ferrone,cferronehb@imageshack.us,Female,Media Manager II
Fabe,Junkison,fjunkisonhc@aol.com,Male,Project Manager
Beverlie,Playfair,bplayfairhd@hhs.gov,Female,Legal Assistant
Corette,Horry,chorryhe@wunderground.com,Female,Food Chemist
Godiva,Davage,gdavagehf@noaa.gov,Female,Chief Design Engineer
Fitz,Scotchmor,fscotchmorhg@creativecommons.org,Male,General Manager
Walker,Sarll,wsarllhh@people.com.cn,Male,Office Assistant I
Aldis,Hugnin,ahugninhi@foxnews.com,Male,Assistant Professor
Georgiana,Bodycomb,gbodycombhj@si.edu,Genderqueer,Speech Pathologist
Elfie,Blakeway,eblakewayhk@simplemachines.org,Female,Nuclear Power Engineer
Rudolf,Pass,rpasshl@jiathis.com,Male,Programmer Analyst IV
Glenn,Rubinov,grubinovhm@webnode.com,Male,Web Designer IV
Nat,Tate,ntatehn@ucoz.ru,Male,VP Quality Control
Bennie,Ettritch,bettritchho@stumbleupon.com,Male,Structural Engineer
Inger,Beldan,ibeldanhp@discuz.net,Female,Executive Secretary
Leo,Abbes,labbeshq@paginegialle.it,Male,Engineer I
Whitney,Kleiser,wkleiserhr@buzzfeed.com,Female,Quality Control Specialist
Halli,Staresmeare,hstaresmearehs@businessweek.com,Female,Web Designer IV
Marina,Le Galle,mlegalleht@whitehouse.gov,Female,Account Executive
Rosanne,Toffano,rtoffanohu@walmart.com,Female,Actuary
Minetta,Hamp,mhamphv@psu.edu,Bigender,Marketing Manager
Ula,Narramor,unarramorhw@flickr.com,Female,Speech Pathologist
Ronalda,Brennan,rbrennanhx@unc.edu,Female,Structural Engineer
Germain,Ixor,gixorhy@princeton.edu,Female,Analog Circuit Design manager
Gnni,Testro,gtestrohz@wired.com,Genderqueer,Chief Design Engineer
Addi,Burghill,aburghilli0@cdbaby.com,Female,Technical Writer
Fidel,Copeland,fcopelandi1@amazon.de,Male,Community Outreach Specialist
Armin,Ryrie,aryriei2@sciencedirect.com,Male,Automation Specialist I
Dede,ODrought,dodroughti3@alexa.com,Female,Chief Design Engineer
Charla,Simm,csimmi4@prnewswire.com,Female,Research Associate
Marlow,Rosettini,mrosettinii5@google.de,Male,Clinical Specialist
Skip,Christian,schristiani6@yolasite.com,Male,Programmer I
Sonnie,Borrill,sborrilli7@typepad.com,Female,Junior Executive
Benji,Farrall,bfarralli8@goo.ne.jp,Male,Help Desk Technician
Cherice,Gair,cgairi9@sina.com.cn,Genderfluid,Assistant Media Planner
Mort,Emlin,memlinia@biglobe.ne.jp,Male,Financial Advisor
Nickolaus,Greasty,ngreastyib@friendfeed.com,Male,Graphic Designer
Kissee,Tollit,ktollitic@wisc.edu,Female,Speech Pathologist
Ryun,Venn,rvennid@newyorker.com,Male,Human Resources Assistant IV
Salem,Hynson,shynsonie@columbia.edu,Male,Administrative Assistant I
Klaus,Itzcak,kitzcakif@goo.gl,Male,Technical Writer
Joane,Frarey,jfrareyig@weather.com,Female,Quality Control Specialist
Orelia,Keyser,okeyserih@tripod.com,Female,Computer Systems Analyst III
Damian,Lemonnier,dlemonnierii@hibu.com,Agender,Physical Therapy Assistant
Delia,Lusk,dluskij@accuweather.com,Female,Sales Associate
Birch,McCaffrey,bmccaffreyik@columbia.edu,Male,Tax Accountant
Kristen,Attock,kattockil@mtv.com,Genderfluid,Technical Writer
Daphna,Gross,dgrossim@over-blog.com,Female,Administrative Assistant IV
Ros,Beecraft,rbeecraftin@php.net,Female,Computer Systems Analyst I
Ethelind,Cordeix,ecordeixio@archive.org,Female,Chemical Engineer
Si,Katzmann,skatzmannip@cloudflare.com,Male,Compensation Analyst
Olimpia,Hasnney,ohasnneyiq@amazon.co.uk,Female,Geologist IV
Wenona,Stogill,wstogillir@ocn.ne.jp,Female,General Manager
Dominick,Micah,dmicahis@aol.com,Male,Assistant Professor
Rayna,Shoulder,rshoulderit@usnews.com,Female,Associate Professor
Eran,Pickrill,epickrilliu@youtu.be,Female,VP Accounting
Karole,Zambon,kzamboniv@hugedomains.com,Female,VP Sales
Katinka,Goodbur,kgoodburiw@youku.com,Female,Internal Auditor
Elyssa,Jarratt,ejarrattix@desdev.cn,Female,Operator
Lira,Pellissier,lpellissieriy@slashdot.org,Female,Quality Control Specialist
Bili,Bollis,bbollisiz@imageshack.us,Female,Junior Executive
Adam,Thal,athalj0@alibaba.com,Male,Mechanical Systems Engineer
Albrecht,Teape,ateapej1@epa.gov,Male,Associate Professor
Ariela,De Caville,adecavillej2@nbcnews.com,Polygender,Staff Accountant I
Pearla,Iozefovich,piozefovichj3@bbc.co.uk,Female,Database Administrator I
Duane,Halworth,dhalworthj4@rambler.ru,Male,Programmer Analyst IV
Keane,Padrick,kpadrickj5@cbsnews.com,Male,VP Marketing
Bibby,Redbourn,bredbournj6@list-manage.com,Female,Structural Engineer
Corbett,McGilvray,cmcgilvrayj7@homestead.com,Male,Developer III
Josefina,Vowden,jvowdenj8@friendfeed.com,Female,Sales Associate
Tracy,Elson,telsonj9@latimes.com,Male,Help Desk Operator
Gael,Macer,gmacerja@booking.com,Female,Database Administrator III
Reggie,Willimott,rwillimottjb@businessinsider.com,Female,Occupational Therapist
Ysabel,Berens,yberensjc@nasa.gov,Female,Quality Control Specialist
Marietta,Glasbey,mglasbeyjd@samsung.com,Male,Nuclear Power Engineer
Valenka,Conlaund,vconlaundje@howstuffworks.com,Bigender,Research Associate
Roddy,Tedahl,rtedahljf@epa.gov,Male,Graphic Designer
Marta,Ettridge,mettridgejg@nih.gov,Female,Budget/Accounting Analyst II
Bogart,Shrimptone,bshrimptonejh@livejournal.com,Male,Electrical Engineer
Mirella,Fernez,mfernezji@youtu.be,Female,Human Resources Manager
Clare,Bauldrey,cbauldreyjj@disqus.com,Female,Actuary
Berne,Ilyinykh,bilyinykhjk@state.gov,Male,Project Manager
Melina,Kissell,mkisselljl@imdb.com,Female,Dental Hygienist
Leora,Demanche,ldemanchejm@usda.gov,Female,VP Sales
Sydel,Gwynn,sgwynnjn@craigslist.org,Polygender,Staff Scientist
Ellette,Bails,ebailsjo@bbb.org,Female,Sales Associate
Hardy,Troy,htroyjp@mapquest.com,Male,Accountant I
Lilah,Eversley,leversleyjq@npr.org,Female,Marketing Manager
Portie,Lathey,platheyjr@phpbb.com,Male,Senior Quality Engineer
Rafa,Blackboro,rblackborojs@sciencedirect.com,Female,Social Worker
Helli,Bigham,hbighamjt@devhub.com,Female,Environmental Tech
Vevay,Marciek,vmarciekju@msn.com,Female,Business Systems Development Analyst
Salvatore,Bartels-Ellis,sbartelsellisjv@t-online.de,Polygender,Research Associate
Flora,Riditch,friditchjw@nps.gov,Female,Pharmacist
Hetti,Michie,hmichiejx@paginegialle.it,Genderfluid,Staff Scientist
Hermione,Cockings,hcockingsjy@newsvine.com,Female,Programmer Analyst I
Vinita,Auckland,vaucklandjz@goodreads.com,Female,Legal Assistant
Roxana,Landreth,rlandrethk0@disqus.com,Female,Computer Systems Analyst III
Armin,Broose,abroosek1@hhs.gov,Male,Web Developer II
Zora,Melby,zmelbyk2@sina.com.cn,Female,VP Sales
Gypsy,Talbot,gtalbotk3@alibaba.com,Female,Health Coach III
Hollis,OCanavan,hocanavank4@oracle.com,Male,Analyst Programmer
Truda,Cohani,tcohanik5@goo.ne.jp,Female,Financial Advisor
Estel,Alfwy,ealfwyk6@economist.com,Female,Business Systems Development Analyst
Agnella,Lamshead,alamsheadk7@japanpost.jp,Female,Senior Editor
Myrta,Deboy,mdeboyk8@foxnews.com,Female,Assistant Media Planner
Worden,Lingfoot,wlingfootk9@businessweek.com,Male,Senior Developer
Rich,Radoux,rradouxka@lycos.com,Male,Actuary
Madalyn,Roddick,mroddickkb@hhs.gov,Female,Human Resources Manager
Dean,Aveline,davelinekc@altervista.org,Male,Senior Sales Associate
Keely,Laity,klaitykd@friendfeed.com,Agender,Environmental Tech
Brittaney,Justham,bjusthamke@eventbrite.com,Female,Business Systems Development Analyst
Fiona,Inseal,finsealkf@slashdot.org,Genderqueer,Civil Engineer
Cart,Madden,cmaddenkg@jiathis.com,Male,Accountant I
Halette,Franzke,hfranzkekh@virginia.edu,Genderqueer,Cost Accountant
Giffy,Neicho,gneichoki@cargocollective.com,Male,Speech Pathologist
Barnett,Lothlorien,blothlorienkj@aol.com,Genderqueer,Human Resources Manager
Lynette,Winspur,lwinspurkk@adobe.com,Female,GIS Technical Architect
Sashenka,Tyght,styghtkl@flavors.me,Female,Statistician III
Vere,Castagna,vcastagnakm@google.fr,Female,Librarian
Darnell,Lindenbaum,dlindenbaumkn@a8.net,Male,Legal Assistant
Granville,Hourihan,ghourihanko@smh.com.au,Male,Physical Therapy Assistant
Lonee,Mariet,lmarietkp@mlb.com,Polygender,Software Test Engineer IV
Gene,Rawcliffe,grawcliffekq@wired.com,Bigender,Operator
Harland,Oakwell,hoakwellkr@people.com.cn,Male,Marketing Assistant
Tanitansy,Petrenko,tpetrenkoks@xinhuanet.com,Bigender,Dental Hygienist
Shermy,Bubbear,sbubbearkt@creativecommons.org,Male,VP Quality Control
Chariot,Easterbrook,ceasterbrookku@4shared.com,Male,Software Consultant
Rolland,Gedge,rgedgekv@dropbox.com,Male,Biostatistician III
Cherye,Runnalls,crunnallskw@about.com,Female,Project Manager
Cate,Hazeldene,chazeldenekx@ftc.gov,Female,Payment Adjustment Coordinator
Gwen,Gabotti,ggabottiky@cnbc.com,Genderfluid,VP Accounting
Marius,Caplan,mcaplankz@webnode.com,Male,Recruiting Manager
Dianna,La Torre,dlatorrel0@com.com,Female,Health Coach III
Horace,Niezen,hniezenl1@ocn.ne.jp,Male,Structural Analysis Engineer
Sindee,Rankine,srankinel2@tiny.cc,Female,Data Coordiator
Tonia,Grindell,tgrindelll3@engadget.com,Female,Software Test Engineer II
Madelle,Wilflinger,mwilflingerl4@is.gd,Female,Marketing Assistant
Camellia,Cushworth,ccushworthl5@twitpic.com,Female,Help Desk Operator
Cyndy,Fanner,cfannerl6@furl.net,Female,Marketing Assistant
Shayla,Brussell,sbrusselll7@examiner.com,Female,Programmer Analyst I
Konstantin,Baytrop,kbaytropl8@freewebs.com,Male,Chief Design Engineer
Joanne,Griss,jgrissl9@miitbeian.gov.cn,Female,Geological Engineer
Timothy,Mandry,tmandryla@stumbleupon.com,Male,Structural Engineer
Vin,Batrick,vbatricklb@tiny.cc,Female,Senior Financial Analyst
Andromache,Morey,amoreylc@ucsd.edu,Female,Electrical Engineer
Piotr,Sedworth,psedworthld@spotify.com,Male,Clinical Specialist
Jamal,Crackel,jcrackelle@uol.com.br,Non-binary,Registered Nurse
Jocelin,Leall,jlealllf@cbc.ca,Polygender,Accounting Assistant III
Elia,Camamile,ecamamilelg@cdc.gov,Male,Senior Sales Associate
Andrei,Blazdell,ablazdelllh@i2i.jp,Female,Business Systems Development Analyst
Starr,MacVay,smacvayli@nba.com,Female,Editor
Robbin,OBradane,robradanelj@slideshare.net,Female,Biostatistician I
Farra,Boules,fbouleslk@marriott.com,Female,Web Developer IV
Vic,Fishleigh,vfishleighll@kickstarter.com,Male,Biostatistician II
Fleur,Agass,fagasslm@nhs.uk,Female,Mechanical Systems Engineer
Dorri,Kilbee,dkilbeeln@un.org,Female,Data Coordiator
Shellie,Manshaw,smanshawlo@geocities.jp,Female,Physical Therapy Assistant
Donnie,Beers,dbeerslp@fotki.com,Male,Financial Advisor
Jessy,Bodiam,jbodiamlq@dagondesign.com,Female,Associate Professor
Abey,Vell,avelllr@google.com.br,Male,Electrical Engineer
Natty,Pettersen,npettersenls@oracle.com,Female,Research Nurse
Ursuline,Bodechon,ubodechonlt@4shared.com,Female,Nurse Practicioner
Nat,Leedal,nleedallu@vkontakte.ru,Male,Registered Nurse
Travis,Warton,twartonlv@discovery.com,Male,Associate Professor
Susana,Frisch,sfrischlw@goo.gl,Female,Professor
Hesther,Maciaszek,hmaciaszeklx@lycos.com,Female,Actuary
Brittne,Gallacher,bgallacherly@dell.com,Female,Human Resources Assistant II
Cybill,Dow,cdowlz@berkeley.edu,Female,Civil Engineer
Maryl,Yosselevitch,myosselevitchm0@yolasite.com,Female,Actuary
Ekaterina,Audibert,eaudibertm1@vimeo.com,Polygender,Environmental Tech
Eric,Zimmermeister,ezimmermeisterm2@google.com.br,Male,Food Chemist
Bamby,Grimsdale,bgrimsdalem3@stanford.edu,Female,Budget/Accounting Analyst III
Wendeline,Pattington,wpattingtonm4@so-net.ne.jp,Genderqueer,General Manager
Inglis,Hiscoke,ihiscokem5@free.fr,Male,Nurse Practicioner
Clyde,Peacher,cpeacherm6@cisco.com,Male,Software Test Engineer I
Kathye,Haw,khawm7@list-manage.com,Female,Health Coach II
Kassandra,Sodo,ksodom8@biblegateway.com,Female,Marketing Assistant
Gare,Dodson,gdodsonm9@behance.net,Male,Sales Associate
Eldridge,Chelsom,echelsomma@tamu.edu,Male,Recruiter
Ev,Moisey,emoiseymb@ucla.edu,Male,Safety Technician I
Hilliary,Heymes,hheymesmc@tiny.cc,Female,Marketing Assistant
Otes,Bierman,obiermanmd@globo.com,Male,Research Associate
Terrel,Volette,tvoletteme@ihg.com,Male,Tax Accountant
Alix,Mohun,amohunmf@sohu.com,Bigender,Software Test Engineer II
Dasya,Biers,dbiersmg@fotki.com,Female,Associate Professor
Jorie,Turnock,jturnockmh@utexas.edu,Female,Payment Adjustment Coordinator
Irv,Glastonbury,iglastonburymi@cloudflare.com,Male,Clinical Specialist
Samara,ODwyer,sodwyermj@amazon.co.jp,Female,Assistant Media Planner
Cointon,Bourley,cbourleymk@cnn.com,Male,Community Outreach Specialist
Yanaton,Cardew,ycardewml@uol.com.br,Male,Graphic Designer
Barny,McReedy,bmcreedymm@behance.net,Male,Programmer Analyst I
Inness,Sango,isangomn@eepurl.com,Male,Quality Engineer
Tiphany,Poker,tpokermo@mashable.com,Female,Senior Developer
Temple,Brave,tbravemp@engadget.com,Male,Biostatistician III
Jemima,Wadelin,jwadelinmq@fc2.com,Female,Senior Cost Accountant
Clerissa,Wase,cwasemr@un.org,Female,Account Coordinator
Kaja,Danilewicz,kdanilewiczms@blogs.com,Female,Systems Administrator III
Jedidiah,Krysiak,jkrysiakmt@slashdot.org,Male,Research Assistant III
Elly,Cattlemull,ecattlemullmu@hibu.com,Female,Account Executive
Tressa,Albon,talbonmv@hostgator.com,Female,Developer III
Roseanna,Selwyne,rselwynemw@forbes.com,Female,Payment Adjustment Coordinator
Saraann,Neenan,sneenanmx@ox.ac.uk,Female,VP Sales
Feodor,Placide,fplacidemy@twitpic.com,Male,Nuclear Power Engineer
Briana,Pettifer,bpettifermz@timesonline.co.uk,Female,Design Engineer
Mendel,Evers,meversn0@unesco.org,Male,Nurse Practicioner
Pierre,Shillabeer,pshillabeern1@hc360.com,Male,Actuary
Reginald,Videan,rvideann2@ed.gov,Male,Tax Accountant
Kattie,Barnson,kbarnsonn3@jigsy.com,Female,Account Executive
Catriona,Ainger,caingern4@springer.com,Female,Safety Technician II
Barbey,Mullett,bmullettn5@diigo.com,Female,Financial Advisor
Keefer,Ainsbury,kainsburyn6@vistaprint.com,Male,Chemical Engineer
Tabatha,Earnshaw,tearnshawn7@behance.net,Female,Junior Executive
Xever,Silman,xsilmann8@abc.net.au,Male,Web Developer III
Daniel,Cake,dcaken9@squidoo.com,Male,Account Coordinator
Kellen,Matashkin,kmatashkinna@zdnet.com,Male,Structural Engineer
Cacilia,Tillett,ctillettnb@engadget.com,Female,Assistant Media Planner
Ara,Grzegorzewicz,agrzegorzewicznc@networksolutions.com,Male,Nurse
Lamar,Maxsted,lmaxstednd@hhs.gov,Genderqueer,Research Nurse
Chevy,Prater,cpraterne@china.com.cn,Male,Senior Sales Associate
Merv,Edwardson,medwardsonnf@alibaba.com,Male,Recruiter
Felicdad,Seilmann,fseilmannng@loc.gov,Female,Cost Accountant
Chico,Pecey,cpeceynh@wix.com,Male,Dental Hygienist
Guillermo,Knock,gknockni@parallels.com,Male,Research Associate
Christie,Copes,ccopesnj@geocities.com,Female,Information Systems Manager
Val,Iannini,vianninink@jalbum.net,Female,Tax Accountant
Cordelie,Medlen,cmedlennl@tamu.edu,Agender,Pharmacist
Ossie,Jakoubec,ojakoubecnm@addtoany.com,Male,Nurse
Storm,Strank,sstranknn@npr.org,Female,VP Accounting
Devinne,Blazhevich,dblazhevichno@weebly.com,Female,Programmer Analyst I
Law,Skippon,lskipponnp@unicef.org,Male,Financial Analyst
Myrtle,ONeary,monearynq@imdb.com,Female,Speech Pathologist
Isaak,Beeton,ibeetonnr@ucsd.edu,Male,Financial Advisor
Paula,Attwill,pattwillns@free.fr,Non-binary,Editor
James,Brosini,jbrosinint@shareasale.com,Male,Executive Secretary
Rab,Berrane,rberranenu@bigcartel.com,Male,Quality Engineer
Megan,Estrange,mlestrangenv@twitpic.com,Female,Occupational Therapist
Aloysius,Barrim,abarrimnw@multiply.com,Male,Human Resources Assistant III
Olive,Tattershall,otattershallnx@bluehost.com,Female,Cost Accountant
Agustin,Brando,abrandony@zdnet.com,Male,Chief Design Engineer
Demetrius,Piers,dpiersnz@comsenz.com,Male,Tax Accountant
George,Pinsent,gpinsento0@cam.ac.uk,Male,Web Designer IV
Emmie,Mattiacci,emattiaccio1@paginegialle.it,Female,Developer I
Sky,Blackeby,sblackebyo2@apache.org,Male,Health Coach III
Berkeley,Samsworth,bsamswortho3@shinystat.com,Male,Information Systems Manager
Quincey,Liff,qliffo4@businessinsider.com,Male,Senior Sales Associate
Carolyne,Rehor,crehoro5@istockphoto.com,Polygender,Web Developer I
Jena,Balleine,jballeineo6@sciencedaily.com,Female,Senior Developer
Corrie,Meadley,cmeadleyo7@mit.edu,Male,Financial Advisor
Muhammad,Prinett,mprinetto8@youtu.be,Male,Associate Professor
Anna-diane,Gwalter,agwaltero9@slashdot.org,Female,Editor
Glyn,Lowings,glowingsoa@google.fr,Female,Graphic Designer
Andras,Korneluk,akornelukob@infoseek.co.jp,Male,Administrative Officer
Gavin,Katzmann,gkatzmannoc@posterous.com,Male,Account Representative III
Glynis,Scyner,gscynerod@cnbc.com,Female,Geologist III
Fleur,Satterly,fsatterlyoe@bigcartel.com,Female,Statistician IV
Stevena,Kidney,skidneyof@privacy.gov.au,Female,Assistant Media Planner
Theo,Parkyns,tparkynsog@ezinearticles.com,Male,Administrative Officer
Willard,Eannetta,weannettaoh@purevolume.com,Male,Quality Engineer
Stanford,Wallen,swallenoi@storify.com,Male,Chief Design Engineer
Abigael,Roof,aroofoj@earthlink.net,Non-binary,Desktop Support Technician
Ty,Quittonden,tquittondenok@vinaora.com,Male,Recruiter
Sibelle,Laimable,slaimableol@flickr.com,Female,Software Engineer IV
Des,Webberley,dwebberleyom@feedburner.com,Male,Help Desk Operator
Alison,Basnall,abasnallon@cam.ac.uk,Female,Research Nurse
Tory,Slucock,tslucockoo@ask.com,Female,Human Resources Assistant I
Alick,OHara,aoharaop@icio.us,Male,Safety Technician I
Damiano,Stollman,dstollmanoq@newyorker.com,Agender,Computer Systems Analyst IV
Rona,Morant,rmorantor@amazon.co.uk,Female,Account Executive
Cristie,Batte,cbatteos@1688.com,Female,Chemical Engineer
Thorvald,Sears,tsearsot@zimbio.com,Male,Assistant Manager
Nikolas,Gething,ngethingou@blog.com,Male,VP Product Management
Leo,Mumby,lmumbyov@xrea.com,Male,Payment Adjustment Coordinator
Reynold,Caville,rcavilleow@discuz.net,Male,Automation Specialist IV
Danny,Crayk,dcraykox@mapy.cz,Female,Financial Analyst
Clarette,Yvon,cyvonoy@mit.edu,Female,Software Test Engineer III
Auria,Badger,abadgeroz@ezinearticles.com,Female,Recruiting Manager
Obie,Stallworth,ostallworthp0@sohu.com,Male,Associate Professor
Niki,Petit,npetitp1@vimeo.com,Male,Marketing Manager
Haleigh,Hassey,hhasseyp2@aol.com,Female,Human Resources Manager
Fabien,Jennrich,fjennrichp3@constantcontact.com,Male,Nuclear Power Engineer
Forbes,Philipet,fphilipetp4@redcross.org,Male,Web Developer I
Sally,Kubal,skubalp5@intel.com,Female,Clinical Specialist
Judy,Foyle,jfoylep6@so-net.ne.jp,Female,Assistant Professor
Agathe,Comfort,acomfortp7@storify.com,Agender,Analyst Programmer
Amory,Parslow,aparslowp8@123-reg.co.uk,Male,Registered Nurse
Gretal,Peniello,gpeniellop9@noaa.gov,Female,Programmer Analyst II
Meriel,Hartness,mhartnesspa@upenn.edu,Female,Nuclear Power Engineer
Laurence,Allcock,lallcockpb@microsoft.com,Male,Staff Scientist
Phaedra,Banes,pbanespc@wordpress.org,Female,Senior Financial Analyst
Darryl,Biasio,dbiasiopd@cnet.com,Female,Compensation Analyst
Pattin,Kilshaw,pkilshawpe@google.nl,Male,Environmental Tech
Olly,Beddin,obeddinpf@jalbum.net,Male,Environmental Tech
Melesa,de la Valette Parisot,mdelavaletteparisotpg@microsoft.com,Female,Developer II
Jacob,Heazel,jheazelph@free.fr,Male,Legal Assistant
Winthrop,Levine,wlevinepi@tripadvisor.com,Male,Operator
Patrica,Gianullo,pgianullopj@behance.net,Female,Financial Analyst
Robers,Gilhool,rgilhoolpk@vinaora.com,Male,Project Manager
Adriena,Scottrell,ascottrellpl@linkedin.com,Female,Automation Specialist III
Danie,Abramowitz,dabramowitzpm@squarespace.com,Male,VP Product Management
Todd,Morehall,tmorehallpn@acquirethisname.com,Male,Clinical Specialist
Nickola,Danilov,ndanilovpo@furl.net,Genderqueer,Health Coach IV
Kerr,Mollon,kmollonpp@wunderground.com,Male,Mechanical Systems Engineer
Clair,Popov,cpopovpq@blog.com,Male,Director of Sales
Mahmoud,Edgson,medgsonpr@tinypic.com,Male,Payment Adjustment Coordinator
Murdoch,Vaulkhard,mvaulkhardps@google.com.br,Male,Nurse Practicioner
Batholomew,Van der Brugge,bvanderbruggept@tumblr.com,Male,Graphic Designer
Aila,Machent,amachentpu@ask.com,Female,Business Systems Development Analyst
Pier,Salvadori,psalvadoripv@aboutads.info,Female,Account Representative I
Allan,Crean,acreanpw@narod.ru,Male,Project Manager
Sunny,Littlecote,slittlecotepx@mysql.com,Male,GIS Technical Architect
Dukie,Gorrissen,dgorrissenpy@imdb.com,Male,Research Nurse
Lin,Gruszka,lgruszkapz@hc360.com,Bigender,Registered Nurse
Dorey,Jirsa,djirsaq0@linkedin.com,Male,Marketing Assistant
Elmore,Cavy,ecavyq1@fc2.com,Male,Speech Pathologist
Moina,Spain,mspainq2@etsy.com,Bigender,Social Worker
Conroy,Linzey,clinzeyq3@soundcloud.com,Male,Recruiter
Schuyler,Travis,stravisq4@wordpress.com,Male,Professor
Cordey,Beckitt,cbeckittq5@europa.eu,Bigender,Human Resources Assistant I
Seana,Hirthe,shirtheq6@ycombinator.com,Female,Senior Quality Engineer
Leisha,Raffles,lrafflesq7@statcounter.com,Female,Internal Auditor
Latisha,Schulke,lschulkeq8@washingtonpost.com,Female,Design Engineer
Wallie,Alenichev,walenichevq9@diigo.com,Female,Paralegal
Dael,Sturman,dsturmanqa@qq.com,Male,Senior Quality Engineer
Abdel,Gainsbury,againsburyqb@google.nl,Male,Web Designer IV
Leese,Volage,lvolageqc@list-manage.com,Polygender,Recruiter
Jareb,Sturzaker,jsturzakerqd@fda.gov,Male,Senior Cost Accountant
Melony,Bordiss,mbordissqe@mit.edu,Female,Dental Hygienist
Ariel,Orris,aorrisqf@usda.gov,Male,Occupational Therapist
Dorelia,Wardroper,dwardroperqg@prlog.org,Female,Quality Control Specialist
Mack,Macbane,mmacbaneqh@dagondesign.com,Male,VP Sales
Gianina,Tremmel,gtremmelqi@scientificamerican.com,Female,Senior Developer
Aloin,Grayling,agraylingqj@vistaprint.com,Male,Internal Auditor
Reginald,Hemphrey,rhemphreyqk@bluehost.com,Male,Structural Analysis Engineer
Marna,Glew,mglewql@blogger.com,Female,Systems Administrator I
Patric,Papps,ppappsqm@amazonaws.com,Male,Sales Representative
Micky,Khrishtafovich,mkhrishtafovichqn@tumblr.com,Female,Chemical Engineer
Marillin,Wintersgill,mwintersgillqo@youku.com,Agender,Teacher
Jenelle,Frushard,jfrushardqp@tiny.cc,Non-binary,Staff Accountant III
Milton,Caville,mcavilleqq@nifty.com,Male,Office Assistant II
Haleigh,Milillo,hmililloqr@tiny.cc,Male,Quality Engineer
Roxine,Soutter,rsoutterqs@prlog.org,Female,Occupational Therapist
Hinda,Cream,hcreamqt@un.org,Female,Account Representative III
Claus,Dunnett,cdunnettqu@chronoengine.com,Male,VP Marketing
Pat,Harber,pharberqv@nsw.gov.au,Male,Senior Cost Accountant
Orelia,Dummett,odummettqw@mlb.com,Female,Administrative Assistant IV
Andrea,Straughan,astraughanqx@amazon.de,Female,Electrical Engineer
Kain,Checkley,kcheckleyqy@imdb.com,Male,Senior Sales Associate
Mose,Djurdjevic,mdjurdjevicqz@gmpg.org,Male,Web Designer I
Marika,Beardshaw,mbeardshawr0@examiner.com,Female,Staff Scientist
Judye,Bonder,jbonderr1@omniture.com,Genderfluid,Desktop Support Technician
Ellswerth,Ricciardo,ericciardor2@xinhuanet.com,Male,Analog Circuit Design manager
Waverley,Harding,whardingr3@ucoz.ru,Male,Environmental Specialist
Lawton,Wisniewski,lwisniewskir4@clickbank.net,Male,Financial Advisor
Almire,Davidde,adavidder5@abc.net.au,Female,Database Administrator III
Maxine,Gerardeaux,mgerardeauxr6@hostgator.com,Female,Help Desk Technician
Camella,Andriuzzi,candriuzzir7@reuters.com,Female,Business Systems Development Analyst
Hyacinthie,Buey,hbueyr8@goo.gl,Female,Research Nurse
Yevette,Castella,ycastellar9@mail.ru,Female,Office Assistant III
Gibbie,Hynde,ghyndera@aol.com,Male,Teacher
Talia,Malloy,tmalloyrb@mlb.com,Female,Structural Engineer
Faunie,Bodiam,fbodiamrc@senate.gov,Non-binary,Technical Writer
Lolita,Banasik,lbanasikrd@topsy.com,Female,Automation Specialist I
Hugh,Bickerton,hbickertonre@webnode.com,Male,Project Manager
Darb,Wiggall,dwiggallrf@exblog.jp,Male,VP Accounting
Romola,Fritz,rfritzrg@tumblr.com,Female,Assistant Professor
Elena,Havard,ehavardrh@cnn.com,Female,Research Assistant IV
Haze,Sullivan,hsullivanri@apache.org,Male,Senior Financial Analyst
Hobey,Bullan,hbullanrj@wisc.edu,Male,Graphic Designer
Ellene,Gandley,egandleyrk@washingtonpost.com,Female,Structural Analysis Engineer
Micki,Erangy,merangyrl@xinhuanet.com,Female,Sales Representative
Porter,Woolvin,pwoolvinrm@storify.com,Male,Financial Advisor
Andriette,Raft,araftrn@oaic.gov.au,Female,Chemical Engineer
Ralf,Macer,rmacerro@goo.gl,Bigender,Marketing Assistant
Bell,Vairow,bvairowrp@dyndns.org,Female,Compensation Analyst
Rudy,Priest,rpriestrq@shareasale.com,Male,General Manager
Waylin,Dockery,wdockeryrr@behance.net,Male,Statistician II
